{"validation_0": {"rmse": [37.549296284565635, 34.888441589568934, 32.55896761155231, 30.521241946512735, 28.73056440502517, 27.18456062560381, 25.847838286810013, 24.68880895771949, 23.700871747148064, 22.842434607299307, 22.11138523317523, 21.500380595147476, 20.978501856629705, 20.52516716937554, 20.143236745985245, 19.821437080819937, 19.543780704035047, 19.30484754707193, 19.102268112709094, 18.92528503816762, 18.787252709067946, 18.666884491691075, 18.55549937917019, 18.46178544249641, 18.378037526644775, 18.303975519513962, 18.24460157110327, 18.195365310575497, 18.14781981079486, 18.105609922222165, 18.070117445529373, 18.03894962725976, 18.01017916361822, 17.983086814693337, 17.960049719979608, 17.9332436013864, 17.912890996277156, 17.89025113413117, 17.867229561324052, 17.85283503208763, 17.833336638940665, 17.81761094103824, 17.80136814875382, 17.78428986667006, 17.770708089808448, 17.756848223890643, 17.744457844470382, 17.734628059966393, 17.716275452891548, 17.702524818445713, 17.685059291525167, 17.67466425352236, 17.666924744922508, 17.658273274330174, 17.64272839429475, 17.637633411085986, 17.630978226165546, 17.619305671571713, 17.61113978675168, 17.599556885596243, 17.5777682250586, 17.572863475927726, 17.564975195031394, 17.561211703457232, 17.55288796949111, 17.544163571774646, 17.525044935599244, 17.520296530565357, 17.507959307142603, 17.49911044596007, 17.491799457625238, 17.4791841924963, 17.47443224827748, 17.465442649971088, 17.457372835249217, 17.4468987684882, 17.439251943051087, 17.429435192167183, 17.424614438107678, 17.420107918145412, 17.41305318324994, 17.40570318857906, 17.3954191055292, 17.391716256032733, 17.38375359122664, 17.373792705870176, 17.369681767213603, 17.361747218760446, 17.35415380123327, 17.346889750085783, 17.343000624697666, 17.333929587893174, 17.325018446138593, 17.318663423333163, 17.313410053478588, 17.308914827025713, 17.298662404190306, 17.29305845968113, 17.29032156037805, 17.282657361055826]}, "validation_1": {"rmse": [38.26539604027622, 35.795105934571225, 33.66191413935534, 31.832983534813593, 30.270077611647945, 28.93327726119665, 27.8208269771148, 26.88293241999504, 26.08584681192649, 25.412768015555184, 24.865681551419218, 24.417520888796453, 24.043271100334835, 23.731528934276128, 23.467231760700496, 23.265231796546782, 23.08191805337865, 22.922101123054176, 22.806666112328006, 22.710425545465746, 22.62072313153632, 22.57021017886797, 22.510225195553417, 22.45980642856669, 22.412088634978257, 22.37132319569089, 22.353042840326292, 22.32576546540845, 22.305209665181856, 22.286938380871863, 22.273877489897544, 22.260128226949824, 22.251605667054385, 22.25237337296272, 22.239636188670197, 22.224049070506553, 22.216836359146615, 22.20134033708371, 22.19449803367517, 22.19379863868053, 22.18028603833394, 22.17593942870179, 22.167410366503084, 22.15550815939719, 22.147856323364902, 22.14613464901194, 22.14219134221827, 22.13594333032619, 22.12662521286062, 22.115043131283347, 22.103098983265635, 22.103781944226505, 22.1025380155498, 22.10330648862546, 22.093337663751676, 22.093505297544503, 22.092152132864324, 22.089370563314674, 22.087940208827227, 22.076803529355136, 22.062834213936647, 22.062457210475234, 22.061631067599354, 22.060249267177582, 22.060424126791514, 22.056452353606026, 22.04097833624385, 22.03969800864872, 22.039012961402513, 22.037284928619624, 22.0293086887845, 22.02241861585124, 22.02174259103193, 22.022546746152706, 22.01444091441816, 22.00896234730578, 22.00831713616377, 22.002245859431284, 22.006283850425596, 22.005614248789794, 21.99835358281029, 22.003133279743746, 22.005546560412483, 22.00080209463071, 21.99879963306849, 21.998140121931144, 21.995464356915434, 21.996081487818913, 21.992071120391394, 21.99290485563566, 21.991587757890372, 21.98972272581571, 21.9850153968981, 21.98301674983486, 21.98335109733313, 21.98031012322514, 21.979955920909898, 21.978545863640825, 21.97804068759744, 21.974642519325997]}}